id,label
54912575666,ESA - European Space Agency
410949642324498,Stargazers Club WA
216281778404925,Resonance Science Foundation
195538113918940,Türk Uzay Ajansı - TUA
221224481394410,European Rover Challenge
495164637280739,New Horizons
79209882917,NASA Solar System Exploration
235877164588,New Scientist
541679702628039,Cosmic Con
149517935247742,Eurisy
110605838970702,Edgar Martins
279678448760878,BBC Future
143100595738897,re:publica
527460360667292,Cansats in Europe
5120148605,will.i.am
69027951736,William Shatner
524190831069542,B612
575281589151776,Brian May
17337462361,Queen
217490321606650,Mike Oldfield
32780088650,Orchestral Manoeuvres in the Dark
151680104849735,Col. Chris Hadfield
269910316647,The Chris Evans Breakfast Show
131376260352637,NASA Astronaut Scott Kelly
122908054392375,Star Trek
169299103121699,Star Wars
15040467861,Euro Space Center
78012062987,Stafford Air & Space Museum
57948068769,Cosmosphere
96711692268,Kennedy Space Center Visitor Complex
255006034440,Space Center Houston
109410923053,Charles M. Schulz Museum
9739297796,"National Air and Space Museum, Smithsonian Institution"
175507880819,American Space Museum & Space Walk of Fame
31201006970,U.S. Space & Rocket Center
44076542814,San Diego Air & Space Museum
130264797843,Cité de l'espace
199115496942725,LEGO
6665038402,LEGO
232259773557929,VisitNoordwijk Holland
108131759220127,Noordwijk aan Zee
236878102993867,NEX Magazine
140927759267259,Hanny's Voorwerp
46737849289,Jeff Wayne's Musical Version of The War of The Worlds
5660597307,Pink Floyd
8367514340,Marillion
253358388011829,Spacepatches.nl
7057882289,Iron Man
30899502664,David Bowie
142246372471145,Elton John
8762738724,Muse
129562970446777,NASA’s Orion Spacecraft
205363692842479,Apollo 13
400507983311138,2001: A Space Odyssey
606249199414870,Tim Peake
614158225303064,Andreas Mogensen
326719157533529,Samantha Cristoforetti
12383118425,Hubble Space Telescope
295118760517867,International Office - Aalborg University
296822727158101,Europäische Weltraumorganisation ESA
166359846851120,ESA European Space History
402563783199702,Alexander Gerst
1423532354529181,Rosetta Mission
86505458090,NASA's Kennedy Space Center
147861435274871,Surrey Space Centre
604204622932870,Paxi
150629121625960,Canadian Space Agency
1448364408720250,ISRO - Indian Space Research Organisation
314175748696885,ESA Business Incubation Centres
519024461482574,NASA History
398017433603400,NASA's Cassini Mission to Saturn
222444017865607,HE Space
348266389346,Professor Brian Cox
285295944820608,BBC Stargazing LIVE
185700271460505,Jaxa - Japan Aerospace Exploration Agency
172663226116619,ESA BIC Noordwijk
172169736134405,EUMETSAT
54757196002,National Space Centre
120100478009378,NASA NEEMO
213727358717627,SpaceUp Europe
202497139878080,NASA Academy of Program/Project and Engineering Leadership (APPEL)
164706290259964,IAF Young Professionals
241772145854850,ESA Exhibitions
49994222883,Österreichisches Weltraum Forum / Austrian Space Forum
395629289195,International Astronautical Federation
242793526642,Czech Space Office
125342950826952,Roscosmos Fans Page
200096500002125,ESA Education
54971236771,NASA - National Aeronautics and Space Administration
216106393331,SPACE EXPO
107925625300,CNES
120606241333104,Raumzeit
353610595867,"German Aerospace Center, DLR"
1724755084422910,NASA Wallops Flight Facility Visitor Center
631116826990989,NASA Aeronautics
1398327333755283,Роскосмос
164355242867,NASA's MAVEN Mission to Mars
332085313573553,NASA Planetquest
583316525026417,Astronaut Karen Nyberg
343098042393044,NASA X
161692063946619,NASA's Space Launch System
133170063414878,NASA Shared Services Center (NSSC)
108331485963099,Women@NASA
227576127339868,NASA Scientific and Technical Information (STI) Program
173138816082240,Precipitation Measurement Missions
335587379833828,NASA Meteor Watch
220001241399130,NASA Crew and Thermal Systems Division
247461518687871,NASA Centennial Challenges
150102578365954,MMS (Magnetospheric Multiscale)
104993236239824,Landsat
120550918010950,NASA's Juno Mission to Jupiter
79119377085,Mars Exploration Rovers
227955123975096,NASA AMO | Autonomous Mission Operations
261752633874146,NASA Office of Small Business Programs - NASA OSBP
202876413112285,NASA Explores
191575794205863,NASA's Wallops Flight Facility
119164799807,Hubble Space Telescope
148497274119,NASA Spinoff
395013845897,NASA Goddard
115589531820707,NASA Langley Research Center
134512156591701,NASA's John C. Stennis Space Center
374623305761,NASA's Marshall Space Flight Center
382651265048,NASA's James Webb Space Telescope
92273036483,NASA Space Place
125275167524338,SpaceMath at NASA
267875289901288,NASA's Johnson Space Center
234624980942,NASA's Glenn Research Center
133468870046835,NASA's Armstrong Flight Research Center
125925117441499,NASA Chief Information Officer
338122981393,NASA Ames Research Center
33527980284,NASA 360
118107518236480,NASA Sun Science
154478180006,LCROSS Lunar Impactor Mission
25618454345,Last Mission to Hubble
118399218208571,Kepler and K2 Missions
8261258923,NASA Jet Propulsion Laboratory
290094756726,EPOXI Mission
171829429505534,NASA eClips
57242657138,NASA Earth
106757492152,NASA Planetary Missions Program
122098681161930,NASA Desert RATS
110938085622842,NASA’s Curiosity Mars Rover
36786020343,Chandra X-ray Observatory
168170833215856,International Space Station
132487270122267,Inside NASA HQ
112998395413629,NASA's Hurricane Web Page
